{"sane": true, "log_prob": -732.209693861194, "avg_log_prob": -1.4673540959142164, "perplexity": 4.337742692695716}